"","baseMean","log2FoldChange","lfcSE","stat","pvalue","padj","significance"
"CDH16",7.84511405010268,-5.43964082286196,1.31038563981426,-4.1511755452639,3.30771931885689e-05,0.000253689510796885,"Down"
"GJB4",4.64497876104808,-4.50262889883038,1.41957141512927,-3.17182274230307,0.00151485438942725,0.00726147369109152,"Down"
"PSG5",10.5303035032613,-4.2557679915825,1.08258836031324,-3.9311045154329,8.45565008901145e-05,0.000583184790999663,"Down"
"SSTR5",3.4505860032895,-4.12102525867834,1.46426020314901,-2.81440774653012,0.00488672014917974,0.0194642786035729,"Down"
"ACTG2",3.44088400838658,-4.05853562657145,1.48595077135756,-2.73127192690481,0.00630903919438678,0.0240991090224005,"Down"
"VTCN1",5.85339754464134,-3.95123426871135,1.25615153804365,-3.14550764700336,0.00165798860500294,0.00785745245030335,"Down"
"CST2",18.2595522164236,-3.90399317564929,0.820873471920719,-4.7559012554207,1.97563025914051e-06,1.98513163186274e-05,"Down"
"MAGIX",3.68770659865143,-3.40839381830453,1.35076458818038,-2.52330705744662,0.0116256838276129,0.0400341110039821,"Down"
"CPA4",41.4728810722801,-3.40785892167746,0.497209352672528,-6.85397187997376,7.18272068356583e-12,1.6610726954857e-10,"Down"
"ADCY5",14.5960780650273,-3.24087723119778,0.782772209189902,-4.14025586645672,3.46918647138278e-05,0.000264902712072909,"Down"
"CRIPAK",7.87230787742532,-2.84171823812436,1.02193652453843,-2.78071892910164,0.00542386743835976,0.0211815744821281,"Down"
"KRT15",21.0292119745467,-2.77090438481106,0.594527276158932,-4.66068504495381,3.15158672364032e-06,3.05772040969363e-05,"Down"
"SPNS2",12.8733232518122,-2.74938458341459,0.74920922577515,-3.6697153329499,0.00024282072103484,0.00147641821249382,"Down"
"OLFML2A",21.8237161954812,-2.74526374004382,0.587171346323716,-4.67540481536086,2.93374327601358e-06,2.87397744694685e-05,"Down"
"ANKRD2",11.9498811262041,-2.67087774643067,0.841070793873487,-3.17556829447156,0.00149543316218835,0.00717973813763803,"Down"
"DUSP13",11.5838382964996,-2.67011652460138,0.786812722993168,-3.39358585159097,0.000689839317583231,0.00368421015886893,"Down"
"ALDH1L2",16.1734212680622,-2.66736779573799,0.662953334007295,-4.02346237496807,5.73487495310144e-05,0.000414155033859852,"Down"
"CBR3",6.72644750647603,-2.66707055877379,1.01429565739109,-2.62948040774803,0.00855154593265284,0.0309798605715656,"Down"
"B3GALT5",6.6733298877203,-2.59657530306422,1.04117486503678,-2.49388973001428,0.0126351790279252,0.0427929288598092,"Down"
"NES",13.9438343722656,-2.47790115788339,0.692314188640634,-3.57915697603825,0.000344704377654443,0.00200437986968164,"Down"
"KRT20",16.8737738292335,-2.47447992035561,0.662485097648263,-3.73514804957832,0.000187604785886689,0.00117670538062883,"Down"
"TSPAN1",9.20443015756598,-2.43908795089274,0.847806278134048,-2.87694018527554,0.0040155170323247,0.0166018544516243,"Down"
"FGFBP1",14.8838576909849,-2.41131307267473,0.687540506675666,-3.5071578318108,0.000452920422465617,0.00255754411902999,"Down"
"LIPC",12.3429311316857,-2.39253047655697,0.75809106339986,-3.15599351063055,0.00159952419174519,0.00761313203282334,"Down"
"OXTR",98.2920748118087,-2.37296895559372,0.277887095042895,-8.53932765473483,1.35005056452733e-17,5.84282597890792e-16,"Down"
"HAUS8",11.1499538966112,-2.36363680607716,0.792753354265541,-2.98155383810011,0.00286789615575991,0.0124029855872586,"Down"
"TIMP2",235.437687365058,-2.3256038401517,0.185457420625853,-12.5398262970746,4.51985172594858e-36,6.52042419226725e-34,"Down"
"TRIM45",16.360028176152,-2.29542604642008,0.627773694733768,-3.65645465185276,0.000255727625889051,0.001542436193086,"Down"
"KRT4",61.8779920872727,-2.2889537903632,0.338575938193297,-6.7605329621989,1.37485045354863e-11,3.073881512196e-10,"Down"
"ADH1C",10.1440321100247,-2.18635239249221,0.766460202563875,-2.85253217998622,0.00433724207376423,0.0176609898234211,"Down"
"KRT19",203.121010106084,-2.17094163271937,0.193296713279534,-11.2311357802545,2.86768329888175e-29,2.80246663031041e-27,"Down"
"TCN2",51.965495178631,-2.1417928469799,0.348569934211953,-6.14451401788873,8.02087069343857e-10,1.45070016512073e-08,"Down"
"HIST1H2BC",14.3362409943955,-2.12722198750478,0.6582744354256,-3.23151237998396,0.00123136989708648,0.0060630886473385,"Down"
"CPM",116.374491347142,-2.12590156493463,0.242367552622756,-8.77139510602553,1.76466051386742e-18,8.45223561543299e-17,"Down"
"TAGLN",67.2363482897209,-2.04356490854189,0.310583650430167,-6.57975687294388,4.71218155867466e-11,9.66196550389501e-10,"Down"
"ANKLE1",8.98583449001388,-2.02360135438395,0.81061626282442,-2.49637398999761,0.0125470238548116,0.0425657433014016,"Down"
"WNT9A",16.1792047584705,-2.00984442363018,0.593384768201289,-3.38708462255033,0.000706395956096552,0.00375772879542494,"Down"
"CST1",42.277122055748,-1.99161489431943,0.384901980347672,-5.17434306916388,2.28714246754915e-07,2.76879045172434e-06,"Down"
"DPYSL5",20.2859283594772,-1.92122733097783,0.532210020683204,-3.60990446687104,0.000306309798731113,0.00180364378192432,"Down"
"EDN2",28.6652490251597,-1.8992322796796,0.484558969330113,-3.91950701543144,8.8730278604234e-05,0.000607819963892655,"Down"
"NID2",19.5681467478274,-1.89593589597106,0.539142825808124,-3.51657446823897,0.000437154010873627,0.00248123292916469,"Down"
"LAMC2",229.021768518829,-1.86244210130151,0.177041768602251,-10.5197892904343,7.0030019304054e-26,5.69546156997669e-24,"Down"
"TNC",43.8849491159731,-1.84186365821985,0.35999950589113,-5.11629496174049,3.11595660124707e-07,3.62371997062496e-06,"Down"
"KLHL4",95.1155329644077,-1.81973055299674,0.265109340242441,-6.8640755973841,6.69231856389604e-12,1.55062172767289e-10,"Down"
"PCDHGC3",16.4248663498443,-1.81735231396328,0.588762738263931,-3.0867312006226,0.00202370503103431,0.00927914106520312,"Down"
"COL6A1",97.7902455800547,-1.78285469004939,0.267780513100632,-6.65789556307033,2.7777603357982e-11,5.90542100863203e-10,"Down"
"SCEL",23.5913000359246,-1.78061710065045,0.530116868120575,-3.35891424651942,0.000782493451337236,0.00411913798579697,"Down"
"VIL1",58.7333963530149,-1.77419020748521,0.309964244251195,-5.72385441350265,1.04133995932026e-08,1.57540045281434e-07,"Down"
"GPX3",85.0250025616683,-1.74245493018271,0.26145542837271,-6.66444350009364,2.65670080337268e-11,5.6679401998715e-10,"Down"
"IGFBP7",21.9435844400479,-1.73176847099797,0.507804887354482,-3.41030288231369,0.000648907720765432,0.00349798209974889,"Down"
"PSG4",49.223712397204,-1.71435299610689,0.340567260089915,-5.03381621490648,4.80810656867894e-07,5.37338668249998e-06,"Down"
"COL4A2",593.44811683664,-1.71395317173393,0.125314980293146,-13.6771610842097,1.39014965642587e-42,2.71706992525302e-40,"Down"
"TBXAS1",32.1869781028093,-1.70558423482376,0.414303140441343,-4.11675429977879,3.84245321375439e-05,0.000290654482174006,"Down"
"FBN1",71.6689743971462,-1.68845639273257,0.285538525248012,-5.9132349698382,3.35453099110236e-09,5.4710910565516e-08,"Down"
"TRIM29",28.8948867500949,-1.67803314446648,0.486243196581316,-3.45101619161854,0.00055848006318357,0.00306784288561129,"Down"
"EPHX1",623.732133243051,-1.67569947255082,0.1230940596786,-13.6131627872708,3.34450815808723e-42,6.14071967571228e-40,"Down"
"MFGE8",182.608860599346,-1.67474039846599,0.195040074528968,-8.58664765438887,8.95437122616727e-18,3.96018505542682e-16,"Down"
"SSTR5-AS1",11.6661308137571,-1.6704169562999,0.668565544222585,-2.49850889076595,0.0124717014061077,0.04236951994371,"Down"
"NALCN",19.3081072177385,-1.63810099378781,0.543303948746022,-3.01507286587672,0.0025691752525491,0.0112939153505475,"Down"
"KCNK6",17.9121267738651,-1.61732638140701,0.544014940500521,-2.97294478699241,0.00294957504551132,0.0127018302777208,"Down"
"CDH17",112.044630011896,-1.61050274121969,0.23908325924449,-6.73615855124664,1.62628824163179e-11,3.57794765392947e-10,"Down"
"COL4A1",343.952456629424,-1.59593693927765,0.148330581980019,-10.7593250021269,5.35610381874523e-27,4.70328015040251e-25,"Down"
"ANXA2",9631.89775193071,-1.59398728336418,0.0942402161991802,-16.9140877180845,3.54259903140653e-64,1.48031776077877e-61,"Down"
"ZNF185",34.636065953046,-1.5851242261923,0.394722531327622,-4.01579362814898,5.92460833488996e-05,0.000426079547787516,"Down"
"BCAS1",38.9818380868718,-1.57675592138482,0.419017131398845,-3.76298676887264,0.000167896087763641,0.00106521716833498,"Down"
"PYROXD2",19.8996692577848,-1.55677374437047,0.503738285831506,-3.09044158079181,0.00199859116259239,0.00918079139814047,"Down"
"SLC16A2",139.439075101726,-1.55262914300879,0.205280967555944,-7.56343445519694,3.92563670026421e-14,1.17169619541383e-12,"Down"
"MYOM3",19.1589862373264,-1.54859551109614,0.518979701870186,-2.98392308122196,0.00284578301668396,0.0123205425495449,"Down"
"C1orf116",75.7922952276821,-1.5363960468439,0.297371891072473,-5.16658128413844,2.38414544478736e-07,2.87187619283631e-06,"Down"
"PANX2",18.5016491682903,-1.51769529562515,0.52088313272828,-2.91369637499255,0.00357177112018758,0.0149922834895854,"Down"
"GDPD5",20.6876016930693,-1.51542655663838,0.504992418326759,-3.00088971961121,0.00269192037481542,0.0117425093959731,"Down"
"MICAL2",176.579376111,-1.51512291553447,0.187014948438704,-8.10161395216524,5.4234811306379e-16,1.96771689643922e-14,"Down"
"EMP1",29.0193858405923,-1.50296546703386,0.440313193607892,-3.41340093563555,0.000641574788949097,0.00346153307768707,"Down"
"MST1R",28.267333275524,-1.49660223044482,0.435522137113604,-3.43634020617978,0.000589630059303641,0.00321998064832876,"Down"
"TUBB4A",43.3633900420274,-1.49230712825267,0.36017637167584,-4.14326770328996,3.42391871438741e-05,0.000261773167072218,"Down"
"PDGFB",17.0578426717254,-1.48594178790332,0.567938662052282,-2.61637723787595,0.00888683141659136,0.0319651597228418,"Down"
"PSAP",5225.62361672445,-1.48116318647265,0.0904649507731334,-16.3727849715752,2.99203462084026e-60,1.13304611047945e-57,"Down"
"SLCO2B1",212.611824879285,-1.47277295576068,0.175827291275193,-8.37624776608539,5.46418185793456e-17,2.22197838102184e-15,"Down"
"DDC",72.7932119746774,-1.47161163967192,0.312856908558117,-4.70378501933751,2.55382157186951e-06,2.52013109184973e-05,"Down"
"OTUB2",42.1602540229782,-1.45579028007204,0.351362603055692,-4.14327042039045,3.42387813094479e-05,0.000261773167072218,"Down"
"S100A3",165.962020545131,-1.45350983087229,0.206164126168212,-7.05025582232651,1.78589146817301e-12,4.45296971426349e-11,"Down"
"PTPRN2",37.925788351826,-1.43927824721704,0.368089350116873,-3.91013281628509,9.22453858521832e-05,0.00062905435326773,"Down"
"ALDH1B1",875.094906319915,-1.43552975639892,0.124550638485753,-11.5256715971242,9.7945457069186e-31,1.05035668032247e-28,"Down"
"DHCR24",803.719322645489,-1.43481993281766,0.131815247216328,-10.8850831987813,1.35774589410146e-27,1.2370800559941e-25,"Down"
"MYH9",3018.01236304557,-1.43105823131205,0.0915057663200261,-15.6389951023104,3.94910778899426e-55,1.22705867146237e-52,"Down"
"PROC",21.5719190312164,-1.43025557369148,0.529413627706107,-2.70158435454075,0.00690099723618626,0.0258265239370306,"Down"
"MIR210HG",19.0967648590794,-1.4245758968052,0.518938647388518,-2.74517210073709,0.00604791720653841,0.0232220090965882,"Down"
"FAM86FP",18.8809989348223,-1.42394105144083,0.525185106906854,-2.71131270234855,0.00670173910483661,0.0252366918807987,"Down"
"VIM",2011.39931262442,-1.42303779063159,0.0941954847165405,-15.1072824235035,1.44997427434302e-51,3.9933609673838e-49,"Down"
"RASGRP3",27.0010596320734,-1.42198286933108,0.440496702847752,-3.22813510325539,0.00124600111400073,0.00613034571638687,"Down"
"SMARCA2",105.359841185448,-1.41222239639255,0.233722941223024,-6.04229259225765,1.51939603082169e-09,2.64921454697802e-08,"Down"
"SORL1",80.1478462985676,-1.40925871905253,0.255735860111724,-5.51060269153046,3.57607100683552e-08,4.96389787638406e-07,"Down"
"CDH4",54.2937346472347,-1.3958674563074,0.314530700809528,-4.43793706851116,9.08251635174542e-06,7.95820196315625e-05,"Down"
"LPIN1",197.461805417601,-1.39433198466352,0.180343618418562,-7.73152938202335,1.06262143512319e-14,3.45223768118575e-13,"Down"
"HSPG2",2021.26944830735,-1.39286237780284,0.126818527338789,-10.9831142738465,4.60760371513215e-28,4.32829006356367e-26,"Down"
"TSPAN18",19.602417097621,-1.38788374828206,0.511671772508228,-2.71244931390024,0.00667879946341429,0.0251659489731512,"Down"
"CD82",36.5346761152558,-1.3866560467912,0.37414886526829,-3.7061613050647,0.000210424310915534,0.00129965433214804,"Down"
"SLC1A4",55.4348042019634,-1.38550337733607,0.302899586331179,-4.57413426712709,4.78193121517075e-06,4.467805895562e-05,"Down"
"CAV1",1140.98144115855,-1.38382173314891,0.108955073801879,-12.7008471002022,5.84931136666719e-37,8.97239938497127e-35,"Down"
"DKK3",109.512277018185,-1.3832505615348,0.237612309200396,-5.82146003374007,5.83357561966483e-09,9.16877682997385e-08,"Down"
"CSRP1",996.079628112565,-1.38307182638497,0.110399000283748,-12.5279379598565,5.2510234204199e-36,7.4861060951351e-34,"Down"
"TUBA1A",647.167339999732,-1.3805422399522,0.126414481202173,-10.920760239045,9.17247941759519e-28,8.42061405927413e-26,"Down"
"HABP2",18.4903129035385,-1.37390546164976,0.515309018205342,-2.66617779450986,0.00767191076134493,0.0283008263640724,"Down"
"HOGA1",39.8703017991142,-1.36866315323802,0.394456078318016,-3.46974790976495,0.000520947059781723,0.00288784833963171,"Down"
"TSPAN8",21.0223012480239,-1.3593829298947,0.486700360337747,-2.79305922221088,0.00522121319901122,0.0205490943636304,"Down"
"IGFBP6",424.006166727919,-1.35864535865275,0.149513769144809,-9.08709188741576,1.01723409780689e-19,5.29049047091153e-18,"Down"
"FDPS",842.28506092515,-1.35753997652964,0.117697103845251,-11.5341833586197,8.87251375410841e-31,9.59974300645408e-29,"Down"
"NRXN3",25.0697082196284,-1.35596749985027,0.464160637704359,-2.92133237871397,0.00348537770151253,0.0146703046151194,"Down"
"AXL",424.950154759082,-1.35057993508982,0.135995224249036,-9.93108355493881,3.04923776574321e-23,2.11146647115864e-21,"Down"
"TUBA4A",321.680056530768,-1.34633397891528,0.156684555813422,-8.5926399824529,8.49935242286944e-18,3.77271621466417e-16,"Down"
"ANXA2P2",92.4932829170174,-1.34477712754013,0.256948657903955,-5.23364137610244,1.6620277466115e-07,2.08062523072708e-06,"Down"
"CACNG4",43.5210867058396,-1.34362576854313,0.350693780039886,-3.83133618278122,0.000127449220024599,0.000837089240248286,"Down"
"CPE",50.6764919549921,-1.34215002098826,0.317463331964911,-4.22773242087879,2.36058282044273e-05,0.00018782365474803,"Down"
"ZNF488",36.6114496735051,-1.33953001399794,0.391078588556794,-3.42521951646916,0.000614302861375488,0.0033411678968349,"Down"
"MAMLD1",50.6091680190021,-1.33526062332881,0.330620996187875,-4.03864436537493,5.37610018432822e-05,0.000391276768971107,"Down"
"IL6R",227.26668135792,-1.33469937974109,0.172524601994695,-7.73628435776438,1.02364375361729e-14,3.33454704471352e-13,"Down"
"TDRKH",28.350029422,-1.33403496799224,0.414441247122836,-3.21887596192096,0.00128694141074989,0.00629890898484946,"Down"
"NFE2L3",27.4809064525099,-1.33196387948867,0.435298839971487,-3.05988382504284,0.00221422863144786,0.00998958397464077,"Down"
"DHCR7",431.345736844286,-1.32741135233513,0.141215098895734,-9.39992509806062,5.46019272229714e-21,3.13061171942648e-19,"Down"
"ANKRD1",84.753095190029,-1.32623440634373,0.251521806114603,-5.27284066073955,1.3432818222387e-07,1.71166026518282e-06,"Down"
"PLEK2",23.3678515667992,-1.32496962506974,0.494074842447019,-2.68171845890296,0.0073245073692931,0.027285084629909,"Down"
"STK32B",81.353204463869,-1.31803873608256,0.254171671885868,-5.18562405599004,2.15292717891014e-07,2.62466514628099e-06,"Down"
"PCDHAC1",42.3808087711676,-1.30410731608796,0.351066773827225,-3.71469877901281,0.000203445892344202,0.001261697709021,"Down"
"PLXNA2",86.5953535609776,-1.30046138201106,0.255000543069346,-5.09983769586488,3.39944854669655e-07,3.93452889100944e-06,"Down"
"AP1M2",100.791771801355,-1.30010087636683,0.233342821063244,-5.5716343465928,2.52360648226024e-08,3.6105151537225e-07,"Down"
"P4HA2",217.952133526428,-1.29938450765102,0.169585078402535,-7.66213938095866,1.8286102471429e-14,5.74069921628955e-13,"Down"
"CORO6",24.3216314601808,-1.2989379271451,0.471614709080682,-2.75423540049699,0.00588294379986674,0.0227326253082861,"Down"
"STPG1",25.6353935610951,-1.29858334636103,0.446802060989224,-2.90639515736779,0.00365619400113885,0.0152936689353816,"Down"
"CGN",75.8467204947835,-1.29382785460689,0.265640547830529,-4.8705962443366,1.11261989172233e-06,1.16531787795084e-05,"Down"
"COL4A6",41.3855857963897,-1.29003907552748,0.345820003148965,-3.73037725921188,0.000191193269283991,0.00119673555639638,"Down"
"GLP2R",48.3685621388344,-1.28952619328168,0.322591772738361,-3.99739330713668,6.40438415579125e-05,0.000454647493848145,"Down"
"G6PD",3348.76773073014,-1.28782385804079,0.105895561557519,-12.1612637876356,4.99794443496673e-34,6.30886361072155e-32,"Down"
"TINAGL1",21.9703851666916,-1.28188002035135,0.466820877024951,-2.74597834724267,0.00603307452819105,0.0231944153339528,"Down"
"GPT2",41.4006546509399,-1.2742941193602,0.353978983130835,-3.59991462795181,0.000318321675013911,0.00186502693594963,"Down"
"DCLK1",18.0764048526801,-1.2732223487172,0.51487374353944,-2.47288265267632,0.0134028143988986,0.0449530320746895,"Down"
"ANXA9",38.3812972434818,-1.2721479266609,0.360463667963669,-3.52919875072989,0.000416819961148761,0.00237471757837362,"Down"
"OGDH",412.019799775804,-1.26897186164084,0.136324923781038,-9.30843624515083,1.29728172869313e-20,7.17829223210197e-19,"Down"
"NIPAL3",57.8989266935895,-1.26660781603556,0.308610006901647,-4.10423443086609,4.05655956520171e-05,0.000305515157309598,"Down"
"JUP",806.731871447882,-1.26491451957252,0.130127682615367,-9.72056440374313,2.46411827743733e-22,1.60538630569815e-20,"Down"
"CD81",476.838088915772,-1.26426798864343,0.130527671711909,-9.68582348908992,3.4640552379818e-22,2.23284156243955e-20,"Down"
"SH3BGRL3",201.828873074784,-1.25720239375623,0.179614431958186,-6.99945087958695,2.56967651583365e-12,6.27809274574035e-11,"Down"
"LDHD",21.826433329658,-1.25436463814775,0.479148438302408,-2.61790405201338,0.00884716776393323,0.0318887504352596,"Down"
"FAM171A1",70.2418766203654,-1.25038625654253,0.275522217151811,-4.5382411243213,5.672537698956e-06,5.19182868851577e-05,"Down"
"GSN",406.42733311869,-1.24925776657931,0.13526978281864,-9.23530548026546,2.57550045895375e-20,1.39954773818841e-18,"Down"
"TECR",93.8402958928036,-1.24895561845889,0.250153533643896,-4.99275624959521,5.95236607567775e-07,6.545442114797e-06,"Down"
"ADRA1B",33.004270294722,-1.24731222257655,0.439517548479514,-2.83791222191595,0.00454096686392099,0.0183424788189982,"Down"
"NOMO3",21.5169382125283,-1.24590067733484,0.511350323911951,-2.4364914209957,0.0148305212434813,0.0487961597688043,"Down"
"TRAFD1",173.656554812115,-1.2424414240436,0.18619553783464,-6.67277765349569,2.51006545217472e-11,5.3835350706997e-10,"Down"
"CDC42EP1",170.363164685288,-1.24001069478832,0.201724196486078,-6.14705977958326,7.8932386963688e-10,1.42974987328247e-08,"Down"
"GALNT5",97.8563658133731,-1.2295862737085,0.250521431471318,-4.90810812666651,9.19591539344735e-07,9.71544051768047e-06,"Down"
"SUN2",186.109253064694,-1.2235952631087,0.187752247559055,-6.51707385139999,7.16921344590061e-11,1.44313170327946e-09,"Down"
"P2RY2",26.2518268222795,-1.22263752481543,0.473647000845689,-2.58132643642298,0.00984214675315498,0.0347616247026325,"Down"
"TM4SF4",635.437616289557,-1.21529997336864,0.12008440006498,-10.1203817707464,4.48662144739633e-24,3.23624277973504e-22,"Down"
"SLC9A3R1",247.350492973204,-1.21526951665129,0.161763739507684,-7.51262007387978,5.79555421705202e-14,1.66818351549255e-12,"Down"
"MSMO1",466.251097686415,-1.2111423107833,0.142072615815592,-8.52481179311393,1.5305848222356e-17,6.57717265101101e-16,"Down"
"HOXB13",23.2789443270523,-1.20531886495612,0.460720199395162,-2.61616240516147,0.00889242507999607,0.0319655103090499,"Down"
"TUBB2A",81.5366033917116,-1.20453420708287,0.253402773676481,-4.75343734248426,1.99987101420984e-06,2.0078241052357e-05,"Down"
"DARS2",115.59815433341,-1.1959061750299,0.214580174546249,-5.57323703160725,2.50048983057916e-08,3.58167089443951e-07,"Down"
"ACOX3",45.2130882522713,-1.19523606640202,0.345881539418999,-3.45562260538605,0.000549023436034125,0.00302549613363416,"Down"
"COL17A1",25.866867284974,-1.19391451631106,0.436036536743229,-2.73810659360898,0.00617940435546652,0.0236818538834735,"Down"
"HPCAL1",75.7916084133941,-1.18812740831216,0.281347610049434,-4.22298738597211,2.41085317622808e-05,0.000191070757289287,"Down"
"ECH1",989.696103017409,-1.18680686828316,0.113643048051045,-10.4432861370462,1.57270359902753e-25,1.27053481420104e-23,"Down"
"MATN2",138.999012087147,-1.18520188965681,0.206590126188516,-5.73697258200663,9.63838527321428e-09,1.46546992146563e-07,"Down"
"SERPINE1",3417.45343149411,-1.18372817167638,0.0902414284675108,-13.1173474509278,2.61943845619497e-39,4.40866044613482e-37,"Down"
"SERPINH1",644.684594922918,-1.18153016776082,0.123154480282859,-9.59388700311268,8.48276556778656e-22,5.28675025269311e-20,"Down"
"KIAA0754",72.1959689774443,-1.17996991541905,0.264009758216382,-4.46941781012483,7.84327900395683e-06,6.96299303809149e-05,"Down"
"GPR39",78.2521170445708,-1.17882904621306,0.27584437667655,-4.27352937339495,1.92402924517439e-05,0.000155228937370328,"Down"
"ANK1",80.5377740280906,-1.17775328851474,0.249073585716606,-4.72853548531148,2.2614510593654e-06,2.26019540492333e-05,"Down"
"KIAA1324",50.5062871173918,-1.17747635473218,0.327788055627025,-3.59218810606074,0.000327913006307875,0.00191408950406494,"Down"
"TM7SF2",122.597473142414,-1.17731675491761,0.213450130369181,-5.51565254554466,3.47488182121225e-08,4.83569639365765e-07,"Down"
"LOC728554",23.4605620857316,-1.17651938480436,0.4456130041177,-2.64022677510013,0.00828505677120143,0.0302131561701532,"Down"
"UCN2",71.88611652318,-1.17590900474542,0.271705503581071,-4.32788069894414,1.50550974696493e-05,0.000124786368766901,"Down"
"RAB3B",47.5331895664671,-1.1742219276253,0.327422202005529,-3.58626238670726,0.000335451440294319,0.00195338806030109,"Down"
"AGR2",1012.66635264734,-1.17146710645871,0.117827125823737,-9.94225309553219,2.72590708526594e-23,1.89842195742831e-21,"Down"
"EMP3",886.304505435071,-1.16527981400576,0.108964023742469,-10.6941701855637,1.08385463743303e-26,9.24940175803761e-25,"Down"
"CMTM7",36.4430151989532,-1.16238838006809,0.367629564961284,-3.16184684490896,0.00156771994391941,0.00748480402254454,"Down"
"ITGA6",419.783819281568,-1.16092379557985,0.139534450316623,-8.31997971071339,8.7978371323175e-17,3.48405850880469e-15,"Down"
"ANXA1",5638.20705629396,-1.16052378279141,0.0969277730503782,-11.9730779555642,4.91700781300031e-33,5.72925968057094e-31,"Down"
"MBOAT7",476.144158316434,-1.15981685275673,0.137440678972645,-8.43867231613114,3.20962517578682e-17,1.34118061655809e-15,"Down"
"ADPRHL1",37.622429709065,-1.15083897284611,0.372428847199309,-3.09009084956899,0.00200095280245316,0.00918487424827241,"Down"
"AP2M1",986.760159500618,-1.14841950752392,0.108968064881718,-10.5390465433199,5.7074591156145e-26,4.70496527639568e-24,"Down"
"MAPRE2",110.564148012358,-1.14346240955903,0.222572031917565,-5.1374936900542,2.78426813600602e-07,3.29489856173057e-06,"Down"
"HMGA1",1267.38329346907,-1.1380009357843,0.106411378514638,-10.6943538526545,1.08170957060106e-26,9.24940175803761e-25,"Down"
"CHCHD6",27.6492118368351,-1.13577223178574,0.438748650045411,-2.58866262418855,0.00963494403322573,0.0341592310692304,"Down"
"CAPG",37.2742290630991,-1.13557649777353,0.355692291970909,-3.19258112533517,0.00141007329372125,0.00681038986580872,"Down"
"CAPZB",545.834446571988,-1.13302447473751,0.118475161499955,-9.56339253218013,1.13958559759243e-21,6.97449407657833e-20,"Down"
"GPC1",866.527555270216,-1.12842652031037,0.1226510902098,-9.20029751370448,3.56960046991936e-20,1.93109011136084e-18,"Down"
"PMF1",33.0635198061663,-1.12424197470855,0.400853359923515,-2.80462155767651,0.0050375688320475,0.01994291378855,"Down"
"MAP4K2",55.4403314628395,-1.1235813628589,0.314129667819986,-3.57680753510607,0.000347816066228741,0.00201788000262221,"Down"
"THBS1",256.093665592507,-1.11305651613112,0.154573960919819,-7.20080218885306,5.98593357232011e-13,1.54994750062767e-11,"Down"
"AHNAK",1206.17346573298,-1.11197304230395,0.107881410220138,-10.3073647260906,6.52664389309144e-25,5.03757138194153e-23,"Down"
"BMP1",516.268442949913,-1.11153497552576,0.129028691144197,-8.61463420010637,7.01652541396202e-18,3.14912055431081e-16,"Down"
"TMBIM6",2413.36588764115,-1.1108471448794,0.088369626288197,-12.5704633089273,3.06919985598736e-36,4.48103178974154e-34,"Down"
"DRAP1",287.266349012916,-1.11064017245234,0.152259550684415,-7.29438756032024,3.00020660312746e-13,8.079223025933e-12,"Down"
"TK1",65.7646778872783,-1.11022184533826,0.277850774973227,-3.99574860082806,6.44901422981602e-05,0.000456212226718684,"Down"
"TPCN1",542.902250597183,-1.10910429791954,0.117866885606562,-9.40980405320726,4.97062681488469e-21,2.86828836870346e-19,"Down"
"MVD",136.762926698034,-1.10910272925342,0.21616980114395,-5.13070152900246,2.88664319024942e-07,3.39945016321112e-06,"Down"
"APLP2",722.760942381684,-1.09877868177462,0.112696975514554,-9.74985066598104,1.84739824012314e-22,1.21667238444631e-20,"Down"
"COPS6",358.585040244225,-1.09841293231303,0.138526152697822,-7.92928202307821,2.20416474560655e-15,7.6533147241433e-14,"Down"
"LHPP",32.0226166828979,-1.09771883896925,0.388659639067974,-2.82437055106014,0.00473735802961443,0.0189964608215975,"Down"
"NSDHL",238.091222588111,-1.09702342082363,0.167939217378313,-6.53226469641327,6.47825290168853e-11,1.31276703449267e-09,"Down"
"PPL",38.8122506180774,-1.09684102115517,0.351102144079089,-3.12399408449097,0.00178414043629596,0.00835079714447062,"Down"
"LGALS1",370.244441610131,-1.09280706636241,0.150399412669022,-7.26603280537605,3.70198718712774e-13,9.85949027112394e-12,"Down"
"BCAP31",522.858695376504,-1.09210445047953,0.120452190567034,-9.06670476757955,1.22670738150695e-19,6.35266668765012e-18,"Down"
"MIPEP",80.5333444895019,-1.09003796212103,0.247202848452074,-4.40948787178865,1.03615360861278e-05,8.98148027837605e-05,"Down"
"OSBPL10",24.3450098577579,-1.08995797719317,0.441374569559068,-2.46946256618736,0.0135316175427723,0.0452972766252252,"Down"
"ACAA2",201.950639472016,-1.08913026712596,0.168700460457857,-6.45600055963117,1.07506211009105e-10,2.12522066069875e-09,"Down"
"PHB",1310.18033419486,-1.08878100275147,0.114422338731006,-9.51545838711681,1.80913517950256e-21,1.07466176986334e-19,"Down"
"ACSS1",125.982816272404,-1.08766083892113,0.244348562298645,-4.45126760186041,8.5364883554918e-06,7.52328479213452e-05,"Down"
"LSS",233.884203741883,-1.08638915525397,0.167716058519248,-6.47755000234097,9.32238847905907e-11,1.85803788798088e-09,"Down"
"LIPH",196.831327272964,-1.08595333267678,0.182832166193502,-5.93961858728653,2.85685958706128e-09,4.73589938112293e-08,"Down"
"FADS2",2073.32443547871,-1.08590340852873,0.0913765581524291,-11.8838291842563,1.43633581307189e-32,1.64202994177407e-30,"Down"
"UNC13D",290.742093938956,-1.08497228176551,0.16497596388734,-6.57654761457504,4.81496859224548e-11,9.85604550689708e-10,"Down"
"INSIG1",227.545193169227,-1.08423870939422,0.162964593130967,-6.65321643532022,2.86756016314717e-11,6.06739123753577e-10,"Down"
"PCDHAC2",35.9368521277607,-1.08322674327447,0.383850299348501,-2.82200312234484,0.00477247126137237,0.0191119652165599,"Down"
"MICALL1",225.845451529371,-1.08064584149671,0.170061237658553,-6.3544512340103,2.09171989334074e-10,3.98544994772061e-09,"Down"
"RPL23AP7",30.8805454742203,-1.07674239831583,0.426578115795698,-2.52413885861767,0.0115982105597868,0.0399963333988321,"Down"
"LAMB3",354.96048748897,-1.07470936659592,0.144328310393526,-7.44628246298743,9.60071366706751e-14,2.70561507482614e-12,"Down"
"EZR",1204.94797551371,-1.07257468881646,0.0954942011714918,-11.2318305788044,2.84521875309274e-29,2.80246663031041e-27,"Down"
"NOC4L",95.6478114078875,-1.07187134379986,0.240789526445407,-4.45148657262249,8.52778661387087e-06,7.52108574868174e-05,"Down"
"PINK1",189.593052327179,-1.07160896484746,0.17830512884423,-6.00997274612126,1.85554517525455e-09,3.17591757538625e-08,"Down"
"ADI1",262.040663997223,-1.06544110939094,0.185593782294607,-5.74071553593152,9.4277342853359e-09,1.43885748198615e-07,"Down"
"DPP3",175.898816917497,-1.06410342086407,0.183139317780858,-5.81034937640953,6.2342601112731e-09,9.76056382795962e-08,"Down"
"NDUFB8",461.72686902634,-1.06318781103836,0.140246699914481,-7.5808401316157,3.43324438646354e-14,1.03492675311356e-12,"Down"
"GPD1L",97.4795051687757,-1.06022938057344,0.240170008837909,-4.41449532230725,1.01245905099229e-05,8.78866674779696e-05,"Down"
"CTDSPL",28.1674601457394,-1.05970534568807,0.408958027764559,-2.59123253180923,0.00956328485661047,0.0339448992069144,"Down"
"EBP",176.742532310615,-1.0595651529059,0.182919696747489,-5.79251535917739,6.93399824190801e-09,1.08141815566848e-07,"Down"
"PCYT2",134.303490853069,-1.05937987494623,0.231590648578346,-4.57436378130722,4.77669262863468e-06,4.467805895562e-05,"Down"
"SCARA3",244.752690741499,-1.05641735137808,0.164079460170094,-6.4384497016442,1.20699944450053e-10,2.37057038386669e-09,"Down"
"TMEM187",32.0735857277843,-1.05490238983306,0.38421360633141,-2.74561434693996,0.00603977156119349,0.0231980829725967,"Down"
"PLOD1",320.600717953543,-1.05120365513672,0.149703751791158,-7.02189252145924,2.18882890461745e-12,5.38016808644102e-11,"Down"
"ADCY9",54.2543002164574,-1.05114039863347,0.300278543719592,-3.50055114032739,0.000464297144058966,0.00261569167443354,"Down"
"AMBP",123.595249758931,-1.04908173428738,0.204706597664622,-5.1248066562375,2.97843222597001e-07,3.48384572531897e-06,"Down"
"AKR1B1",4155.16449812782,-1.04837913135718,0.0963324411673595,-10.8829291425909,1.39022465517529e-27,1.25721957995628e-25,"Down"
"GRAMD1B",136.081916308643,-1.04608742901365,0.200283516944299,-5.22303305321218,1.76015956285533e-07,2.18989872512124e-06,"Down"
"CLU",5556.4224145405,-1.04519372596017,0.0919559090521555,-11.3662486373481,6.15775952165093e-30,6.32370592231915e-28,"Down"
"FCGBP",63.6484143641311,-1.04267034292418,0.282479649606449,-3.69113436800431,0.000223256152550543,0.0013726119008663,"Down"
"LBH",263.322199482745,-1.04211836481539,0.15056080229632,-6.92157818583083,4.46639509925728e-12,1.05299174733073e-10,"Down"
"PARP4",370.477293661609,-1.04160312832818,0.139287639858545,-7.47807292438868,7.54203459797952e-14,2.13040501767636e-12,"Down"
"ASB16-AS1",35.1934567160308,-1.04137962812402,0.367962957279233,-2.83012082472682,0.00465304284967369,0.0187265271512274,"Down"
"LAMB1",1525.96390278564,-1.04049325442813,0.0920548606681736,-11.302969195497,1.26855034201291e-29,1.28102442037604e-27,"Down"
"UPK1B",109.504998303188,-1.0390568667254,0.235178490299797,-4.41816284049126,9.95434126884667e-06,8.65492459429983e-05,"Down"
"FRAS1",265.801569251435,-1.03154592516779,0.169369431446892,-6.09050828331585,1.12552760013932e-09,1.99694633360004e-08,"Down"
"ACTN4",8475.7064768194,-1.03083351323736,0.0835374152216296,-12.3397822461049,5.53052529749397e-35,7.53021410730696e-33,"Down"
"AHCY",1111.34738052113,-1.02868782682382,0.102301776507931,-10.0554248610147,8.6945583024852e-24,6.19768573585386e-22,"Down"
"CD68",156.39016420199,-1.0261343156719,0.185397678027412,-5.53477436497441,3.11629263517051e-08,4.37074469363383e-07,"Down"
"PAPLN",65.9195120038741,-1.02587507562544,0.279187940275182,-3.67449637908531,0.000238319023807696,0.00145269111192236,"Down"
"FDFT1",734.286829828005,-1.02264275293161,0.123668289518047,-8.26923989097769,1.34815759868493e-16,5.25304623178905e-15,"Down"
"MPDU1",360.410535483114,-1.0225933381047,0.143253211962181,-7.13836237315687,9.44493698159494e-13,2.41463599879678e-11,"Down"
"LDOC1",118.315050498071,-1.01896809376105,0.232012057592703,-4.39187559618064,1.12376996932525e-05,9.64436578490323e-05,"Down"
"GATM",69.8749750453662,-1.01821752063266,0.288413272531389,-3.53041145331425,0.000414913871175937,0.00236497003335372,"Down"
"ANO10",155.797029742019,-1.0181573172134,0.194676756879711,-5.22998910364276,1.69520031128759e-07,2.11996257710867e-06,"Down"
"TSPO",183.621051266436,-1.0163856112661,0.200282222010282,-5.07476700160597,3.87971103567846e-07,4.43113462114529e-06,"Down"
"PFKP",2059.72042637481,-1.01339688806614,0.0916892319134405,-11.052518021122,2.13151009892615e-28,2.03382987234544e-26,"Down"
"LMF1",44.5169225340214,-1.01035319795574,0.330561071646537,-3.05647967839387,0.00223952660857628,0.0100737132304111,"Down"
"TMEM54",40.8550069975969,-1.01026179906514,0.362476948108867,-2.78710633692962,0.00531810249117027,0.0208665550478093,"Down"
"FAM114A1",166.245703974566,-1.00943173740141,0.185802376372582,-5.43282468775982,5.54688978419192e-08,7.41911814622933e-07,"Down"
"EPB41L2",178.700350056679,-1.00877571200896,0.193257656219393,-5.21984862976794,1.7906942834109e-07,2.21424829860951e-06,"Down"
"EXOSC1",85.2318100384274,-1.00868991041585,0.251227758624247,-4.01504163369347,5.94353021187816e-05,0.000427186827446854,"Down"
"PDLIM7",292.611268414376,-1.00574437447154,0.155278503408989,-6.47703547104976,9.35422091018259e-11,1.86132100147114e-09,"Down"
"ACO2",395.09700509887,-1.00475476813675,0.13716354286067,-7.32523196165447,2.38485841321375e-13,6.53839688943988e-12,"Down"
"SH3RF2",62.8082147853584,-1.00279951553511,0.287764596437044,-3.48479113814301,0.000492521328040315,0.00275802839796328,"Down"
